{
    "name": "my-shared-content",
    "title": "My Shared Content",
    "description": "A collection of my content.",
    "version": "1.0.0",
    "author": "Me",
    "minimumCoreVersion": "0.7.5",
    "compatibleCoreVersion": "0.7.9",
    "packs": [
        {
            "name": "official-creatures",
            "label": "Shared Creatures",
            "path": "./packs/creatures.db",
            "entity": "Actor"
        },
        {
            "name": "official-items",
            "label": "Shared Items",
            "path": "./packs/items.db",
            "entity": "Item"
        }
    ],
    "manifest": "https://gitlab.com/encounterlibrary/my-shared-content/-/raw/master/module.json",
    "download": "https://gitlab.com/encounterlibrary/my-shared-content/-/raw/master/my-shared-content.zip"
  }