{
    "name": "my-shared-content",
    "title": "Shared Content: GreatPurpleUsername",
    "description": "A collection of my content.",
    "version": "1.0.0",
    "author": "GreatPurpleUsername",
    "minimumCoreVersion": "0.7.5",
    "compatibleCoreVersion": "Current",
    "packs": [
        {
            "name": "official-creatures",
            "label": "Shared Creatures",
            "path": "./packs/creatures.db",
            "entity": "Actor"
        },
        {
            "name": "official-items",
            "label": "Shared Items",
            "path": "./packs/items.db",
            "entity": "Item"
        }
    ],
    "manifest": "https://github.com/GreatPurpleUsername/shared-compendium/blob/master/module.json",
    "download": "https://github.com/GreatPurpleUsername/shared-compendium/blob/master/shared-compendium.zip"
  }